0,Glycine,Gly,G,57.021464,57.050000,C2H3NO,NCC(=O)O
1,Alanine,Ala,A,71.037114,71.080000,C3H5NO,N[C@@]([H])(C)C(=O)O
2,Serine,Ser,S,87.032029,87.080000,C3H5NO2,N[C@@]([H])(CO)C(=O)O
3,Proline,Pro,P,97.052764,97.120000,C5H7NO,N1[C@@]([H])(CCC1)C(=O)O
4,Valine,Val,V,99.068414,99.130000,C5H9NO,N[C@@]([H])(C(C)C)C(=O)O
5,Threonine,Thr,T,101.047680,101.110000,C4H7NO2,N[C@@]([H])([C@]([H])(O)C)C(=O)O
6,Cysteine,Cys,C,103.009190,103.140000,C3H5NOS,N[C@@]([H])(CS)C(=O)O
7,Leucine,Leu,L,113.084060,113.160000,C6H11NO,N[C@@]([H])(CC(C)C)C(=O)O
8,Isoleucine,Ile,I,113.084060,113.160000,C6H11NO,N[C@@]([H])([C@]([H])(CC)C)C(=O)O
9,Asparagine,Asn,N,114.042930,114.100000,C4H6N2O2,N[C@@]([H])(CC(=O)N)C(=O)O
10,Aspartic Acid,Asp,D,115.026940,115.090000,C4H5NO3,N[C@@]([H])(CC(=O)O)C(=O)O
11,Glutamine,Gln,Q,128.058580,128.130000,C5H8N2O2,N[C@@]([H])(CCC(=O)N)C(=O)O
12,Lysine,Lys,K,128.094960,128.170000,C6H12N2O,N[C@@]([H])(CCCCN)C(=O)O
13,Glutamic Acid,Glu,E,129.042590,129.120000,C5H7NO3,N[C@@]([H])(CCC(=O)O)C(=O)O
14,Methionine,Met,M,131.040480,131.200000,C5H9NOS,N[C@@]([H])(CCSC)C(=O)O
15,Histidine,His,H,137.058910,137.140000,C6H7N3O,N[C@@]([H])(CC1=CN=C-N1)C(=O)O
16,Phenylalanine,Phe,F,147.068410,147.180000,C9H9NO,N[C@@]([H])(Cc1ccccc1)C(=O)O
17,Arginine,Arg,R,156.101110,156.190000,C6H12N4O,N[C@@]([H])(CCCNC(=N)N)C(=O)O
18,Tyrosine,Tyr,Y,163.063330,163.170000,C9H9NO2,N[C@@]([H])(Cc1ccc(O)cc1)C(=O)O
19,Tryptophan,Trp,W,186.079310,186.210000,C11H10N2O,N[C@@]([H])(CC(=CN2)C1=C2C=CC=C1)C(=O)O  
